step,train_episodes,return,length,bias_mean,bias_mae,bias_norm,q_mean,g_mean,n_pairs
8000,52,-162.22293701171876,718.2,44.51795959472656,47.502872467041016,1.1075937747955322,7.104918479919434,-37.41304016113281,3291
12000,62,-177.04192962646485,331.6,85.10901641845703,85.78564453125,1.0391424894332886,7.345668792724609,-77.76335144042969,1658
16000,79,-112.78544158935547,247.0,80.06912994384766,80.21349334716797,1.1418367624282837,15.704978942871094,-64.36415100097656,1235
20000,95,-63.33500366210937,305.0,26.16185188293457,29.766557693481445,0.5112388730049133,-13.285202026367188,-39.44705581665039,1525
24000,103,-103.65040283203125,725.8,17.861356735229492,24.845294952392578,0.4607542157173157,-11.359071731567383,-29.220428466796875,2729
28000,109,-47.96017837524414,1000.0,9.975305557250977,27.820390701293945,0.4352998435497284,-2.4736180305480957,-12.44892406463623,3500
32000,114,-86.52322082519531,681.0,15.31106948852539,31.281320571899414,0.36802682280540466,-8.029251098632812,-23.34031867980957,3105
36000,120,-2.576529693603516,868.2,-10.891053199768066,22.614532470703125,-0.36243003606796265,-15.381505966186523,-4.490451335906982,3441
40000,124,-62.53721923828125,640.0,1.4038026332855225,16.216014862060547,0.0392950065433979,-20.250524520874023,-21.654325485229492,3200
44000,129,-138.94705047607422,645.0,23.32017707824707,25.528791427612305,0.4924950897693634,-16.32328987121582,-39.643463134765625,3225
48000,137,33.2897445678711,682.2,-26.950637817382812,31.712785720825195,-0.8467671275138855,-28.029495239257812,-1.0788590908050537,3411
52000,144,-15.228423309326171,575.4,-8.729650497436523,68.00374603271484,-0.18917852640151978,-20.487308502197266,-11.757658004760742,2877
56000,153,115.66593627929687,728.8,-42.71277618408203,47.193904876708984,-1.5998520851135254,-22.564254760742188,20.14851951599121,3044
60000,160,-24.100745391845702,1000.0,-23.720129013061523,23.722719192504883,-0.9916703701019287,-32.92197036743164,-9.201835632324219,3500
64000,164,65.43021011352539,689.0,-32.394405364990234,34.221893310546875,-0.8272645473480225,-25.314565658569336,7.079839706420898,2845
68000,170,-247.29423980712892,357.2,98.75436401367188,99.42195129394531,0.8043433427810669,-15.829689025878906,-114.58405303955078,1786
72000,177,45.331887817382814,419.4,-19.66631507873535,49.84998321533203,-0.3840602934360504,-16.92641258239746,2.739900588989258,2097
76000,185,96.65446701049805,410.8,-30.225427627563477,56.41899490356445,-0.6414102911949158,-5.234546661376953,24.990880966186523,1754
80000,191,66.40334777832031,536.4,-16.59443473815918,48.76516342163086,-0.3778271973133087,-9.925765991210938,6.668666362762451,2682
84000,197,132.83579711914064,301.4,-22.70332145690918,50.811275482177734,-0.4327438473701477,18.014862060546875,40.71818542480469,1507
88000,209,103.0561538696289,346.0,-14.462679862976074,59.282779693603516,-0.23329246044158936,11.319740295410156,25.78241729736328,1730
92000,216,67.77781829833984,276.2,1.7586709260940552,62.27588653564453,0.024973975494503975,10.114439964294434,8.355768203735352,1381
96000,223,120.44607925415039,205.2,-29.01616668701172,83.61919403076172,-0.3213413655757904,20.807214736938477,49.82337951660156,1026
100000,233,179.75432586669922,296.0,-45.495113372802734,64.00336456298828,-0.5835065245628357,16.304845809936523,61.799957275390625,1480
104000,242,134.6310287475586,322.4,-22.300504684448242,40.65117645263672,-0.3707806169986725,14.376564979553223,36.67707061767578,1612
108000,251,157.78153076171876,376.4,-14.3616943359375,47.589664459228516,-0.21718913316726685,23.542139053344727,37.903831481933594,1882
112000,258,166.36298751831055,505.8,-10.918169975280762,28.51058578491211,-0.23855750262737274,25.254213333129883,36.17237854003906,2229
116000,270,212.52200775146486,391.2,-33.63933181762695,42.37480163574219,-0.5198347568511963,30.47071647644043,64.11004638671875,1656
120000,283,250.02191162109375,289.0,-53.501319885253906,53.501319885253906,-0.5737800598144531,39.742286682128906,93.24360656738281,1445
124000,290,239.7591766357422,318.6,-44.19007873535156,45.70398712158203,-0.5531045794487,35.70453643798828,79.89461517333984,1593
128000,301,165.49641799926758,255.8,-10.924074172973633,44.4290771484375,-0.14798365533351898,47.86259460449219,58.78666305541992,1279
132000,316,249.8964874267578,292.6,-40.06770324707031,40.06770324707031,-0.4572282135486603,47.56402587890625,87.6317367553711,1463
136000,325,162.11314392089844,312.0,-7.868454456329346,46.78520584106445,-0.10408899188041687,36.85557556152344,44.72403335571289,1560
140000,339,143.1243408203125,256.2,3.629828691482544,49.92582702636719,0.04032463952898979,46.724822998046875,43.094993591308594,1281
144000,351,156.78034057617188,309.2,3.540781259536743,32.891761779785156,0.0446225143969059,43.84052658081055,40.299739837646484,1546
148000,360,246.5338897705078,273.8,-29.95122528076172,30.251001358032227,-0.3309755027294159,60.54256820678711,90.49378204345703,1369
152000,371,198.0639549255371,265.4,-18.89876937866211,31.8839168548584,-0.24285106360912323,55.96019744873047,74.85896301269531,1327
156000,383,194.34545516967773,320.8,-5.0902419090271,33.352970123291016,-0.07757013291120529,53.49225616455078,58.58250045776367,1604
160000,391,192.62422256469728,268.6,-9.66443157196045,37.94979476928711,-0.119005486369133,60.53890609741211,70.20333099365234,1343
164000,406,253.26445922851562,262.4,-26.142179489135742,26.142179489135742,-0.27406027913093567,69.24624633789062,95.388427734375,1312
168000,418,245.90224609375,273.0,-22.576879501342773,23.15935707092285,-0.25317978858947754,66.59642791748047,89.17330932617188,1365
172000,430,210.29894409179687,264.8,2.278898239135742,38.65855026245117,0.027852503582835197,74.66363525390625,72.38473510742188,1324
176000,441,263.0488800048828,217.2,-44.70235824584961,44.70235824584961,-0.37952712178230286,73.08200073242188,117.78435516357422,1086
180000,453,263.9422637939453,242.0,-37.75865936279297,38.72843551635742,-0.34813278913497925,70.70185852050781,108.46051025390625,1210
184000,465,187.09405212402345,267.8,-19.864370346069336,37.22455978393555,-0.24602413177490234,55.95213317871094,75.81649780273438,1339
188000,478,243.09072265625,257.6,-31.4158935546875,32.712642669677734,-0.31195908784866333,69.28927612304688,100.70516967773438,1288
192000,490,237.7316680908203,387.0,0.04759771749377251,45.11167526245117,0.0006219421047717333,74.1031723022461,74.05557250976562,1635
196000,500,260.9261108398438,236.4,-32.07576370239258,32.24560546875,-0.29395076632499695,77.04373931884766,109.1195068359375,1182
200000,511,248.177978515625,341.8,-11.142410278320312,29.777400970458984,-0.14987421035766602,63.014034271240234,74.15644073486328,1709
